{
  "A": 0.5,
  "beta": 0.05,
  "dt": 0.01,
  "n_realizations": 200,
  "c_phys": 0.05,
  "cs": [0.0, 0.025, 0.05, 0.1, 0.2],
  "Ns": [8, 16, 32, 64],
  "deterministic_ref": {
    "8": 41.650000000000006,
    "16": 42.050000000000004,
    "32": 43.05,
    "64": 64.0
  },
  "c0_gate_pass": true,
  "matrix": {
    "c0.0_N8": {
      "c": 0.0,
      "N": 8,
      "n_captured": 200,
      "capture_frac": 1.0,
      "median_capture": 41.6,
      "ratio_to_det": 0.998799519807923,
      "weibull_k": 1.0093549565502673,
      "median_cycles": 0.0,
      "rayleigh_n": 91,
      "rayleigh_Rbar": 0.8637458860647242,
      "rayleigh_p": 0.0
    },
    "c0.0_N16": {
      "c": 0.0,
      "N": 16,
      "n_captured": 200,
      "capture_frac": 1.0,
      "median_capture": 42.5,
      "ratio_to_det": 1.0107015457788346,
      "weibull_k": 1.2709431288939885,
      "median_cycles": 0.0,
      "rayleigh_n": 95,
      "rayleigh_Rbar": 0.8287926830945854,
      "rayleigh_p": 0.0
    },
    "c0.0_N32": {
      "c": 0.0,
      "N": 32,
      "n_captured": 200,
      "capture_frac": 1.0,
      "median_capture": 53.0,
      "ratio_to_det": 1.2311265969802556,
      "weibull_k": 1.4478888136423982,
      "median_cycles": 0.5,
      "rayleigh_n": 100,
      "rayleigh_Rbar": 0.8397080381612417,
      "rayleigh_p": 0.0
    },
    "c0.0_N64": {
      "c": 0.0,
      "N": 64,
      "n_captured": 200,
      "capture_frac": 1.0,
      "median_capture": 64.25,
      "ratio_to_det": 1.00390625,
      "weibull_k": 2.265912954561969,
      "median_cycles": 1.0,
      "rayleigh_n": 122,
      "rayleigh_Rbar": 0.8913095243561825,
      "rayleigh_p": 0.0
    },
    "c0.025_N8": {
      "c": 0.025,
      "N": 8,
      "n_captured": 200,
      "capture_frac": 1.0,
      "median_capture": 41.400000000000006,
      "ratio_to_det": 0.9939975990396158,
      "weibull_k": 1.0029694285404045,
      "median_cycles": 33.5,
      "rayleigh_n": 184,
      "rayleigh_Rbar": 0.3017373495556264,
      "rayleigh_p": 3.522512570038051e-8
    },
    "c0.025_N16": {
      "c": 0.025,
      "N": 16,
      "n_captured": 200,
      "capture_frac": 1.0,
      "median_capture": 41.25,
      "ratio_to_det": 0.980975029726516,
      "weibull_k": 1.1618443932625437,
      "median_cycles": 31.0,
      "rayleigh_n": 179,
      "rayleigh_Rbar": 0.3961554611853227,
      "rayleigh_p": 0.0
    },
    "c0.025_N32": {
      "c": 0.025,
      "N": 32,
      "n_captured": 200,
      "capture_frac": 1.0,
      "median_capture": 43.45,
      "ratio_to_det": 1.0092915214866436,
      "weibull_k": 1.3865914179766974,
      "median_cycles": 28.5,
      "rayleigh_n": 179,
      "rayleigh_Rbar": 0.33617921296089587,
      "rayleigh_p": 7.941889006644567e-10
    },
    "c0.025_N64": {
      "c": 0.025,
      "N": 64,
      "n_captured": 200,
      "capture_frac": 1.0,
      "median_capture": 64.55000000000001,
      "ratio_to_det": 1.0085937500000002,
      "weibull_k": 2.2813070542369402,
      "median_cycles": 24.0,
      "rayleigh_n": 187,
      "rayleigh_Rbar": 0.2594660938125171,
      "rayleigh_p": 2.8007436489453274e-6
    },
    "c0.05_N8": {
      "c": 0.05,
      "N": 8,
      "n_captured": 200,
      "capture_frac": 1.0,
      "median_capture": 40.5,
      "ratio_to_det": 0.9723889555822327,
      "weibull_k": 1.0506762486736572,
      "median_cycles": 60.5,
      "rayleigh_n": 200,
      "rayleigh_Rbar": 0.19530824639317124,
      "rayleigh_p": 0.0004600214965032056
    },
    "c0.05_N16": {
      "c": 0.05,
      "N": 16,
      "n_captured": 200,
      "capture_frac": 1.0,
      "median_capture": 40.650000000000006,
      "ratio_to_det": 0.9667063020214032,
      "weibull_k": 1.1167663165844617,
      "median_cycles": 50.0,
      "rayleigh_n": 199,
      "rayleigh_Rbar": 0.27321579003148927,
      "rayleigh_p": 2.688746612709733e-7
    },
    "c0.05_N32": {
      "c": 0.05,
      "N": 32,
      "n_captured": 200,
      "capture_frac": 1.0,
      "median_capture": 42.800000000000004,
      "ratio_to_det": 0.994192799070848,
      "weibull_k": 1.302037962631332,
      "median_cycles": 43.0,
      "rayleigh_n": 197,
      "rayleigh_Rbar": 0.18479518128182487,
      "rayleigh_p": 0.0011493020877860992
    },
    "c0.05_N64": {
      "c": 0.05,
      "N": 64,
      "n_captured": 200,
      "capture_frac": 1.0,
      "median_capture": 45.85,
      "ratio_to_det": 0.71640625,
      "weibull_k": 1.962294289378982,
      "median_cycles": 38.0,
      "rayleigh_n": 198,
      "rayleigh_Rbar": 0.2932849600048114,
      "rayleigh_p": 2.7157668863744716e-8
    },
    "c0.1_N8": {
      "c": 0.1,
      "N": 8,
      "n_captured": 200,
      "capture_frac": 1.0,
      "median_capture": 54.45,
      "ratio_to_det": 1.3073229291716686,
      "weibull_k": 0.9427201033357393,
      "median_cycles": 112.0,
      "rayleigh_n": 200,
      "rayleigh_Rbar": 0.1835269604102904,
      "rayleigh_p": 0.0011395413177218573
    },
    "c0.1_N16": {
      "c": 0.1,
      "N": 16,
      "n_captured": 200,
      "capture_frac": 1.0,
      "median_capture": 45.0,
      "ratio_to_det": 1.070154577883472,
      "weibull_k": 1.05412855030896,
      "median_cycles": 78.0,
      "rayleigh_n": 200,
      "rayleigh_Rbar": 0.19321252118708906,
      "rayleigh_p": 0.0005429040902772326
    },
    "c0.1_N32": {
      "c": 0.1,
      "N": 32,
      "n_captured": 200,
      "capture_frac": 1.0,
      "median_capture": 42.25,
      "ratio_to_det": 0.9814169570267132,
      "weibull_k": 1.1419512432522756,
      "median_cycles": 62.5,
      "rayleigh_n": 200,
      "rayleigh_Rbar": 0.24809470512095902,
      "rayleigh_p": 3.790756755780942e-6
    },
    "c0.1_N64": {
      "c": 0.1,
      "N": 64,
      "n_captured": 200,
      "capture_frac": 1.0,
      "median_capture": 44.45,
      "ratio_to_det": 0.69453125,
      "weibull_k": 1.5842738936647351,
      "median_cycles": 58.0,
      "rayleigh_n": 200,
      "rayleigh_Rbar": 0.2449783162195932,
      "rayleigh_p": 5.2071022500067475e-6
    },
    "c0.2_N8": {
      "c": 0.2,
      "N": 8,
      "n_captured": 200,
      "capture_frac": 1.0,
      "median_capture": 98.4,
      "ratio_to_det": 2.3625450180072027,
      "weibull_k": 1.061093310250588,
      "median_cycles": 239.5,
      "rayleigh_n": 200,
      "rayleigh_Rbar": 0.19647293785504535,
      "rayleigh_p": 0.0004192225205098811
    },
    "c0.2_N16": {
      "c": 0.2,
      "N": 16,
      "n_captured": 200,
      "capture_frac": 1.0,
      "median_capture": 78.2,
      "ratio_to_det": 1.8596908442330558,
      "weibull_k": 0.9588897722423053,
      "median_cycles": 176.5,
      "rayleigh_n": 200,
      "rayleigh_Rbar": 0.1865707178531148,
      "rayleigh_p": 0.0009065501814638843
    },
    "c0.2_N32": {
      "c": 0.2,
      "N": 32,
      "n_captured": 200,
      "capture_frac": 1.0,
      "median_capture": 56.10000000000001,
      "ratio_to_det": 1.3031358885017423,
      "weibull_k": 1.006945733665022,
      "median_cycles": 119.0,
      "rayleigh_n": 200,
      "rayleigh_Rbar": 0.21563901432659385,
      "rayleigh_p": 8.366258543095632e-5
    },
    "c0.2_N64": {
      "c": 0.2,
      "N": 64,
      "n_captured": 200,
      "capture_frac": 1.0,
      "median_capture": 43.650000000000006,
      "ratio_to_det": 0.6820312500000001,
      "weibull_k": 1.1916453568845051,
      "median_cycles": 81.0,
      "rayleigh_n": 200,
      "rayleigh_Rbar": 0.2525026887774039,
      "rayleigh_p": 2.4012850646769274e-6
    }
  },
  "target_hits": [],
  "verdict": "NEGATIVE: no (c) cell reproduces BOTH prolongation~3 AND N-independence with additive 1/sqrt(N) noise on the collective flow"
}
